{"37": -0.35537409358990435, "38": -0.2991229171951276, "59": 0.8821517870951836, "44": 0.03838414117353271, "5": -2.1554117382227593, "46": 0.15088649396308615, "27": -0.9178858575376716, "64": 1.1634076690690671, "74": 1.7259194330168344, "36": -0.4116252699846811, "51": 0.4321423759369698, "34": -0.5241276227742345, "61": 0.994654139884737, "55": 0.6571470815160767, "39": -0.2428717408003509, "26": -0.9741370339324483, "31": -0.6928811519585647, "35": -0.4678764463794578, "62": 1.0509053162795137, "22": -1.1991417395115551, "86": 2.4009335497541553, "32": -0.636629975563788, "47": 0.20713767035786287, "41": -0.13036938801079745, "29": -0.8053835047481182, "52": 0.4883935523317465, "67": 1.3321611982533974, "24": -1.0866393867220017, "28": -0.8616346811428949, "60": 0.9384029634899603, "50": 0.3758911995421931, "68": 1.388412374648174, "48": 0.2633888467526396, "43": -0.017867035221244013, "25": -1.030388210327225, "53": 0.5446447287265233, "72": 1.613417080227281, "4": -2.2116629146175364, "65": 1.219658845463844, "21": -1.255392915906332, "10": -1.8741558562488758, "15": -1.5928999742749923, "42": -0.07411821161602074, "49": 0.31964002314741635, "33": -0.5803787991690113, "54": 0.6008959051213, "63": 1.1071564926742905, "93": 2.794691784517592, "30": -0.7491323283533414, "2": -2.3241652674070896, "40": -0.18662056440557417, "45": 0.09463531756830944, "18": -1.424146445090662, "57": 0.7696494343056302, "23": -1.1428905631167785, "80": 2.0634264913854947, "79": 2.007175314990718, "9": -1.9304070326436527, "6": -2.0991605618279827, "104": 3.413454724860136, "58": 0.8259006107004069, "1": -2.3804164438018662, "76": 1.8384217858063878, "69": 1.4446635510429509, "3": -2.267914091012313, "11": -1.8179046798540992, "82": 2.1759288441750484, "66": 1.2759100218586206, "16": -1.5366487978802155, "12": -1.7616535034593224, "94": 2.850942960912369, "7": -2.042909385433206, "56": 0.7133982579108534, "8": -1.9866582090384293, "70": 1.5009147274377275, "75": 1.7821706094116112, "71": 1.5571659038325043, "81": 2.1196776677802713, "20": -1.3116440923011086, "19": -1.3678952686958854, "90": 2.625938255333262, "17": -1.4803976214854389, "89": 2.569687078938485, "87": 2.457184726148932, "14": -1.649151150669769, "91": 2.682189431728039, "96": 2.9634453137019223, "84": 2.2884311969646016, "78": 1.9509241385959413, "83": 2.232180020569825, "13": -1.7054023270645458, "88": 2.5134359025437085, "92": 2.7384406081228154, "77": 1.8946729622011647, "73": 1.6696682566220578, "85": 2.3446823733593782, "101": 3.244701195675806, "100": 3.1884500192810292, "97": 3.019696490096699}